--CREATE THEATER
INSERT INTO THEATRE (ID, DESCRIPTION, FORMAT) VALUES (1, 'THEATRE 1', 'IMAX');
INSERT INTO THEATRE (ID, DESCRIPTION, FORMAT) VALUES (2, 'THEATRE 2', 'IMAX');
INSERT INTO THEATRE (ID, DESCRIPTION, FORMAT) VALUES (3, 'THEATRE 3', 'REGULAR');
INSERT INTO THEATRE (ID, DESCRIPTION, FORMAT) VALUES (4, 'THEATRE 4', 'REGULAR');
INSERT INTO THEATRE (ID, DESCRIPTION, FORMAT) VALUES (5, 'THEATRE 5', 'REGULAR');
INSERT INTO THEATRE (ID, DESCRIPTION, FORMAT) VALUES (6, 'THEATRE 6', 'REGULAR');
INSERT INTO THEATRE (ID, DESCRIPTION, FORMAT) VALUES (7, 'THEATRE 7', 'REGULAR');
INSERT INTO THEATRE (ID, DESCRIPTION, FORMAT) VALUES (8, 'THEATRE 8', 'REGULAR');
INSERT INTO THEATRE (ID, DESCRIPTION, FORMAT) VALUES (9, 'THEATRE 9', 'REGULAR');
INSERT INTO THEATRE (ID, DESCRIPTION, FORMAT) VALUES (10, 'THEATRE 10', 'REGULAR');
INSERT INTO THEATRE (ID, DESCRIPTION, FORMAT) VALUES (11, 'THEATRE 11', 'REGULAR');
INSERT INTO THEATRE (ID, DESCRIPTION, FORMAT) VALUES (12, 'THEATRE 12', 'REGULAR');
--INSERT FILM
INSERT INTO FILM (ID, NAME, GENRE, DIRECTOR, STATE) VALUES (1, 'CITIZEN KANE', 'DRAMA', 'ORSON WELLES', 0);
INSERT INTO FILM (ID, NAME, GENRE, DIRECTOR, STATE) VALUES (2, 'THE GODFATHER', 'CRIME', 'FRANCIS FORD COPPOLA', 0);
INSERT INTO FILM (ID, NAME, GENRE, DIRECTOR, STATE) VALUES (3, 'THE SHAWSHANK REDEMPTION', 'DRAMA', 'FRANK DARABONT', 0);
INSERT INTO FILM (ID, NAME, GENRE, DIRECTOR, STATE) VALUES (4, 'PULP FICTION', 'CRIME', 'QUENTIN TARANTINO', 0);
INSERT INTO FILM (ID, NAME, GENRE, DIRECTOR, STATE) VALUES (5, 'SCHINDLER''S LIST', 'DRAMA', 'STEVEN SPIELBERG', 0);
INSERT INTO FILM (ID, NAME, GENRE, DIRECTOR, STATE) VALUES (6, 'THE DARK KNIGHT', 'ACTION', 'CHRISTOPHER NOLAN', 0);
INSERT INTO FILM (ID, NAME, GENRE, DIRECTOR, STATE) VALUES (7, '12 ANGRY MEN', 'DRAMA', 'SIDNEY LUMET', 0);
INSERT INTO FILM (ID, NAME, GENRE, DIRECTOR, STATE) VALUES (8, 'CASABLANCA', 'ROMANCE', 'MICHAEL CURTIZ', 0);
INSERT INTO FILM (ID, NAME, GENRE, DIRECTOR, STATE) VALUES (9, 'GONE WITH THE WIND', 'DRAMA', 'VICTOR FLEMING', 0);
INSERT INTO FILM (ID, NAME, GENRE, DIRECTOR, STATE) VALUES (10, 'THE GODFATHER: PART II', 'CRIME', 'FRANCIS FORD COPPOLA', 0);
INSERT INTO FILM (ID, NAME, GENRE, DIRECTOR, STATE) VALUES (11, 'FORREST GUMP', 'DRAMA', 'ROBERT ZEMECKIS', 0);
INSERT INTO FILM (ID, NAME, GENRE, DIRECTOR, STATE) VALUES (12, 'THE MATRIX', 'SCIENCE_FICTION', 'LANA Y LILLY WACHOWSKI', 0);
INSERT INTO FILM (ID, NAME, GENRE, DIRECTOR, STATE) VALUES (13, 'ONE FLEW OVER THE CUCKOO''S NEST', 'DRAMA', 'MILOS FORMAN', 0);
INSERT INTO FILM (ID, NAME, GENRE, DIRECTOR, STATE) VALUES (14, 'THE SILENCE OF THE LAMBS', 'THRILLER', 'JONATHAN DEMME', 0);
INSERT INTO FILM (ID, NAME, GENRE, DIRECTOR, STATE) VALUES (15, 'FIGHT CLUB', 'DRAMA', 'DAVID FINCHER', 0);
INSERT INTO FILM (ID, NAME, GENRE, DIRECTOR, STATE) VALUES (16, 'THE SHAWSHANK REDEMPTION', 'DRAMA', 'FRANK DARABONT', 0);
INSERT INTO FILM (ID, NAME, GENRE, DIRECTOR, STATE) VALUES (17, 'INCEPTION', 'SCIENCE_FICTION', 'CHRISTOPHER NOLAN', 0);
INSERT INTO FILM (ID, NAME, GENRE, DIRECTOR, STATE) VALUES (18, 'SCHINDLER''S LIST', 'DRAMA', 'STEVEN SPIELBERG', 0);
INSERT INTO FILM (ID, NAME, GENRE, DIRECTOR, STATE) VALUES (19, 'THE GREEN MILE', 'DRAMA', 'FRANK DARABONT', 0);
INSERT INTO FILM (ID, NAME, GENRE, DIRECTOR, STATE) VALUES (20, 'THE LORD OF THE RINGS: THE FELLOWSHIP OF THE RING', 'FANTASY', 'PETER JACKSON', 0);
INSERT INTO FILM (ID, NAME, GENRE, DIRECTOR, STATE) VALUES (21, 'KILLERS OF THE FLOWER MOON', 'WESTERN', 'MARTIN SCORSESE', 1);
INSERT INTO FILM (ID, NAME, GENRE, DIRECTOR, STATE) VALUES (22, 'OPPENHEIMER', 'DRAMA', 'CHRISTOPHER NOLAN', 1);
INSERT INTO FILM (ID, NAME, GENRE, DIRECTOR, STATE) VALUES (23, 'POOR THINGS', 'SCIENCE_FICTION', 'YORGOS LANTHIMOS', 1);
INSERT INTO FILM (ID, NAME, GENRE, DIRECTOR, STATE) VALUES (24, 'PAST LIVES', 'ROMANCE', 'CELINE SONG', 1);
INSERT INTO FILM (ID, NAME, GENRE, DIRECTOR, STATE) VALUES (25, 'THE HOLDOVERS', 'DRAMA', 'ALEXANDER PAYNE', 1);
--INSERT PROGRAMMING_MASTER
INSERT INTO PROGRAMMING_MASTER (ID, FILM_ID, START_DATE, STATE, WEEKS) VALUES (1, 1, '2024-02-01', 0, 3);
INSERT INTO PROGRAMMING_MASTER (ID, FILM_ID, START_DATE, STATE, WEEKS) VALUES (2, 21, current_date, 1, 0);
INSERT INTO PROGRAMMING_MASTER (ID, FILM_ID, START_DATE, STATE, WEEKS) VALUES (3, 22, current_date, 1, 0);
INSERT INTO PROGRAMMING_MASTER (ID, FILM_ID, START_DATE, STATE, WEEKS) VALUES (4, 23, current_date, 1, 0);
INSERT INTO PROGRAMMING_MASTER (ID, FILM_ID, START_DATE, STATE, WEEKS) VALUES (5, 24, current_date, 1, 0);
INSERT INTO PROGRAMMING_MASTER (ID, FILM_ID, START_DATE, STATE, WEEKS) VALUES (6, 25, current_date, 1, 0);
INSERT INTO PROGRAMMING_MASTER (ID, FILM_ID, START_DATE, STATE, WEEKS) VALUES (7, 2, '2024-02-01', 0, 3);
INSERT INTO PROGRAMMING_MASTER (ID, FILM_ID, START_DATE, STATE, WEEKS) VALUES (8, 3, '2024-02-01', 0, 3);
INSERT INTO PROGRAMMING_MASTER (ID, FILM_ID, START_DATE, STATE, WEEKS) VALUES (9, 4, '2024-02-01', 0, 3);
INSERT INTO PROGRAMMING_MASTER (ID, FILM_ID, START_DATE, STATE, WEEKS) VALUES (10, 5, '2024-02-01', 0, 3);
INSERT INTO PROGRAMMING_MASTER (ID, FILM_ID, START_DATE, STATE, WEEKS) VALUES (11, 6, '2024-02-01', 0, 3);
INSERT INTO PROGRAMMING_MASTER (ID, FILM_ID, START_DATE, STATE, WEEKS) VALUES (12, 7, '2024-02-01', 0, 3);
INSERT INTO PROGRAMMING_MASTER (ID, FILM_ID, START_DATE, STATE, WEEKS) VALUES (13, 8, '2024-02-01', 0, 3);
INSERT INTO PROGRAMMING_MASTER (ID, FILM_ID, START_DATE, STATE, WEEKS) VALUES (14, 9, '2024-02-01', 0, 3);
INSERT INTO PROGRAMMING_MASTER (ID, FILM_ID, START_DATE, STATE, WEEKS) VALUES (15, 10, '2024-02-01', 0, 3);
INSERT INTO PROGRAMMING_MASTER (ID, FILM_ID, START_DATE, STATE, WEEKS) VALUES (16, 11, '2024-02-01', 0, 3);
INSERT INTO PROGRAMMING_MASTER (ID, FILM_ID, START_DATE, STATE, WEEKS) VALUES (17, 12, '2024-02-01', 0, 3);
INSERT INTO PROGRAMMING_MASTER (ID, FILM_ID, START_DATE, STATE, WEEKS) VALUES (18, 13, '2024-02-01', 0, 3);
INSERT INTO PROGRAMMING_MASTER (ID, FILM_ID, START_DATE, STATE, WEEKS) VALUES (19, 14, '2024-02-01', 0, 3);
INSERT INTO PROGRAMMING_MASTER (ID, FILM_ID, START_DATE, STATE, WEEKS) VALUES (20, 15, '2024-02-01', 0, 3);
INSERT INTO PROGRAMMING_MASTER (ID, FILM_ID, START_DATE, STATE, WEEKS) VALUES (21, 16, '2024-02-01', 0, 3);
INSERT INTO PROGRAMMING_MASTER (ID, FILM_ID, START_DATE, STATE, WEEKS) VALUES (22, 17, '2024-02-01', 0, 3);
INSERT INTO PROGRAMMING_MASTER (ID, FILM_ID, START_DATE, STATE, WEEKS) VALUES (23, 18, '2024-02-01', 0, 3);
INSERT INTO PROGRAMMING_MASTER (ID, FILM_ID, START_DATE, STATE, WEEKS) VALUES (24, 19, '2024-02-01', 0, 3);
INSERT INTO PROGRAMMING_MASTER (ID, FILM_ID, START_DATE, STATE, WEEKS) VALUES (25, 20, '2024-02-01', 0, 3);
--INSERT PROGRAMMING_DETAIL
INSERT INTO PROGRAMMING_DETAIL(ID, THEATRE_ID, DATE, PROGRAMMING_ID) VALUES (1, 1, '2024-02-01', 1);
INSERT INTO PROGRAMMING_DETAIL(ID, THEATRE_ID, DATE, PROGRAMMING_ID) VALUES (2, 2, '2024-02-01', 2);
INSERT INTO PROGRAMMING_DETAIL(ID, THEATRE_ID, DATE, PROGRAMMING_ID) VALUES (3, 3, '2024-02-01', 3);
INSERT INTO PROGRAMMING_DETAIL(ID, THEATRE_ID, DATE, PROGRAMMING_ID) VALUES (4, 4, '2024-02-01', 4);
INSERT INTO PROGRAMMING_DETAIL(ID, THEATRE_ID, DATE, PROGRAMMING_ID) VALUES (5, 5, '2024-02-01', 5);
INSERT INTO PROGRAMMING_DETAIL(ID, THEATRE_ID, DATE, PROGRAMMING_ID) VALUES (6, 6, '2024-02-01', 6);
INSERT INTO PROGRAMMING_DETAIL(ID, THEATRE_ID, DATE, PROGRAMMING_ID) VALUES (7, 7, '2024-02-01', 7);
INSERT INTO PROGRAMMING_DETAIL(ID, THEATRE_ID, DATE, PROGRAMMING_ID) VALUES (8, 8, '2024-02-01', 8);
INSERT INTO PROGRAMMING_DETAIL(ID, THEATRE_ID, DATE, PROGRAMMING_ID) VALUES (9, 9, '2024-02-01', 9);
INSERT INTO PROGRAMMING_DETAIL(ID, THEATRE_ID, DATE, PROGRAMMING_ID) VALUES (10, 10, '2024-02-01', 10);
INSERT INTO PROGRAMMING_DETAIL(ID, THEATRE_ID, DATE, PROGRAMMING_ID) VALUES (11, 11, '2024-02-01', 11);
INSERT INTO PROGRAMMING_DETAIL(ID, THEATRE_ID, DATE, PROGRAMMING_ID) VALUES (12, 12, '2024-02-01', 12);
INSERT INTO PROGRAMMING_DETAIL(ID, THEATRE_ID, DATE, PROGRAMMING_ID) VALUES (13, 1, '2024-02-01', 13);
INSERT INTO PROGRAMMING_DETAIL(ID, THEATRE_ID, DATE, PROGRAMMING_ID) VALUES (14, 2, '2024-02-01', 14);
INSERT INTO PROGRAMMING_DETAIL(ID, THEATRE_ID, DATE, PROGRAMMING_ID) VALUES (15, 3, '2024-02-01', 15);
INSERT INTO PROGRAMMING_DETAIL(ID, THEATRE_ID, DATE, PROGRAMMING_ID) VALUES (16, 4, '2024-02-01', 16);
INSERT INTO PROGRAMMING_DETAIL(ID, THEATRE_ID, DATE, PROGRAMMING_ID) VALUES (17, 5, '2024-02-01', 17);
INSERT INTO PROGRAMMING_DETAIL(ID, THEATRE_ID, DATE, PROGRAMMING_ID) VALUES (18, 6, '2024-02-01', 18);
INSERT INTO PROGRAMMING_DETAIL(ID, THEATRE_ID, DATE, PROGRAMMING_ID) VALUES (19, 7, '2024-02-01', 19);
INSERT INTO PROGRAMMING_DETAIL(ID, THEATRE_ID, DATE, PROGRAMMING_ID) VALUES (20, 8, '2024-02-01', 20);
INSERT INTO PROGRAMMING_DETAIL(ID, THEATRE_ID, DATE, PROGRAMMING_ID) VALUES (21, 9, '2024-02-01', 21);
INSERT INTO PROGRAMMING_DETAIL(ID, THEATRE_ID, DATE, PROGRAMMING_ID) VALUES (22, 10, '2024-02-01', 22);
INSERT INTO PROGRAMMING_DETAIL(ID, THEATRE_ID, DATE, PROGRAMMING_ID) VALUES (23, 11, '2024-02-01', 23);
INSERT INTO PROGRAMMING_DETAIL(ID, THEATRE_ID, DATE, PROGRAMMING_ID) VALUES (24, 12, '2024-02-01', 24);
INSERT INTO PROGRAMMING_DETAIL(ID, THEATRE_ID, DATE, PROGRAMMING_ID) VALUES (25, 1, '2024-02-01', 25);
--INSERT HISTORIC_PROGRAMMING
INSERT INTO historic_programming (id, film_id, theatre_id, start_date, end_date) VALUES (1, 5, 8, '2020-01-15', '2020-01-20');
INSERT INTO historic_programming (id, film_id, theatre_id, start_date, end_date) VALUES (2, 17, 4, '2020-02-02', '2020-02-07');
INSERT INTO historic_programming (id, film_id, theatre_id, start_date, end_date) VALUES (3, 12, 10, '2020-03-10', '2020-03-15');
INSERT INTO historic_programming (id, film_id, theatre_id, start_date, end_date) VALUES (4, 1, 3, '2020-04-18', '2020-04-23');
INSERT INTO historic_programming (id, film_id, theatre_id, start_date, end_date) VALUES (5, 20, 6, '2020-05-05', '2020-05-10');
INSERT INTO historic_programming (id, film_id, theatre_id, start_date, end_date) VALUES (6, 8, 1, '2020-06-12', '2020-06-17');
INSERT INTO historic_programming (id, film_id, theatre_id, start_date, end_date) VALUES (7, 16, 11, '2020-07-21', '2020-07-26');
INSERT INTO historic_programming (id, film_id, theatre_id, start_date, end_date) VALUES (8, 10, 5, '2020-08-08', '2020-08-13');
INSERT INTO historic_programming (id, film_id, theatre_id, start_date, end_date) VALUES (9, 3, 9, '2020-09-30', '2020-10-05');
INSERT INTO historic_programming (id, film_id, theatre_id, start_date, end_date) VALUES (10, 7, 2, '2020-11-15', '2020-11-20');
INSERT INTO historic_programming (id, film_id, theatre_id, start_date, end_date) VALUES (11, 2, 7, '2020-12-02', '2020-12-07');
INSERT INTO historic_programming (id, film_id, theatre_id, start_date, end_date) VALUES (12, 18, 12, '2021-01-14', '2021-01-19');
INSERT INTO historic_programming (id, film_id, theatre_id, start_date, end_date) VALUES (13, 13, 3, '2021-02-22', '2021-02-27');
INSERT INTO historic_programming (id, film_id, theatre_id, start_date, end_date) VALUES (14, 6, 9, '2021-03-04', '2021-03-09');
INSERT INTO historic_programming (id, film_id, theatre_id, start_date, end_date) VALUES (15, 11, 5, '2021-04-16', '2021-04-21');
INSERT INTO historic_programming (id, film_id, theatre_id, start_date, end_date) VALUES (16, 19, 10, '2021-05-28', '2021-06-02');
INSERT INTO historic_programming (id, film_id, theatre_id, start_date, end_date) VALUES (17, 9, 2, '2021-07-10', '2021-07-15');
INSERT INTO historic_programming (id, film_id, theatre_id, start_date, end_date) VALUES (18, 4, 6, '2021-08-18', '2021-08-23');
INSERT INTO historic_programming (id, film_id, theatre_id, start_date, end_date) VALUES (19, 15, 11, '2021-09-26', '2021-10-01');
INSERT INTO historic_programming (id, film_id, theatre_id, start_date, end_date) VALUES (20, 14, 4, '2021-11-02', '2021-11-07');
INSERT INTO historic_programming (id, film_id, theatre_id, start_date, end_date) VALUES (21, 1, 8, '2021-12-12', '2021-12-17');
INSERT INTO historic_programming (id, film_id, theatre_id, start_date, end_date) VALUES (22, 7, 1, '2022-01-22', '2022-01-27');
INSERT INTO historic_programming (id, film_id, theatre_id, start_date, end_date) VALUES (23, 19, 5, '2022-02-28', '2022-03-05');
INSERT INTO historic_programming (id, film_id, theatre_id, start_date, end_date) VALUES (24, 12, 10, '2022-03-12', '2022-03-17');
INSERT INTO historic_programming (id, film_id, theatre_id, start_date, end_date) VALUES (25, 14, 3, '2022-04-24', '2022-04-29');
INSERT INTO historic_programming (id, film_id, theatre_id, start_date, end_date) VALUES (26, 5, 7, '2022-05-30', '2022-06-04');
INSERT INTO historic_programming (id, film_id, theatre_id, start_date, end_date) VALUES (27, 9, 12, '2022-06-22', '2022-06-27');
INSERT INTO historic_programming (id, film_id, theatre_id, start_date, end_date) VALUES (28, 3, 4, '2022-07-08', '2022-07-13');
INSERT INTO historic_programming (id, film_id, theatre_id, start_date, end_date) VALUES (29, 18, 8, '2022-08-16', '2022-08-21');
INSERT INTO historic_programming (id, film_id, theatre_id, start_date, end_date) VALUES (30, 11, 2, '2022-09-28', '2022-10-03');
INSERT INTO historic_programming (id, film_id, theatre_id, start_date, end_date) VALUES (31, 2, 11, '2022-10-10', '2022-10-15');
INSERT INTO historic_programming (id, film_id, theatre_id, start_date, end_date) VALUES (32, 16, 6, '2022-11-22', '2022-11-27');
INSERT INTO historic_programming (id, film_id, theatre_id, start_date, end_date) VALUES (33, 10, 1, '2022-12-30', '2023-01-04');
INSERT INTO historic_programming (id, film_id, theatre_id, start_date, end_date) VALUES (34, 4, 9, '2023-01-28', '2023-02-02');
INSERT INTO historic_programming (id, film_id, theatre_id, start_date, end_date) VALUES (35, 8, 5, '2023-02-10', '2023-02-15');
INSERT INTO historic_programming (id, film_id, theatre_id, start_date, end_date) VALUES (36, 15, 10, '2023-03-24', '2023-03-29');
INSERT INTO historic_programming (id, film_id, theatre_id, start_date, end_date) VALUES (37, 13, 3, '2023-04-01', '2023-04-06');
INSERT INTO historic_programming (id, film_id, theatre_id, start_date, end_date) VALUES (38, 1, 7, '2023-05-12', '2023-05-17');
INSERT INTO historic_programming (id, film_id, theatre_id, start_date, end_date) VALUES (39, 6, 12, '2023-06-23', '2023-06-28');
INSERT INTO historic_programming (id, film_id, theatre_id, start_date, end_date) VALUES (40, 17, 4, '2023-07-30', '2023-08-04');
INSERT INTO historic_programming (id, film_id, theatre_id, start_date, end_date) VALUES (41, 20, 9, '2023-08-11', '2023-08-16');
INSERT INTO historic_programming (id, film_id, theatre_id, start_date, end_date) VALUES (42, 7, 2, '2023-09-23', '2023-09-28');
INSERT INTO historic_programming (id, film_id, theatre_id, start_date, end_date) VALUES (43, 19, 11, '2023-10-31', '2023-11-05');
INSERT INTO historic_programming (id, film_id, theatre_id, start_date, end_date) VALUES (44, 12, 5, '2023-11-12', '2023-11-17');
INSERT INTO historic_programming (id, film_id, theatre_id, start_date, end_date) VALUES (45, 14, 1, '2023-12-24', '2023-12-29');